"","OCC1","OCC2","INC1","INC2","FCOMFORT","REGION","ZIP","AGE1","AGE2","EDUC1","EDUC2","RELAT","HAPPY","GENDER1","GENDER2","Date","L","D","R","MSTAT"
"1","Firefighter                           ","Insurance                      ",1e+05,50000,"Comfortable","S Central",75070,38,35,"Some college","HS Grad","Married","Happy","Male","Female",13386988800,28,16,38,"Married"
"2","homemaker                             ","district manager               ",40000,120000,"Comfortable","Great Lakes",43230,25,28,"Coll Grad","Coll Grad","Long-term committed","Happy","Male","Female",13383100800,36,29,34,"Single"
"3","Landscaping                           ","house wife                     ",69000,0,"Comfortable","Mid Atlantic",27403,44,38,"HS Grad","Coll Grad","Married","Happy","Male","Female",13298860800,23,18,34,"Married"
"4","Broker                                ","homemaker                      ",60000,0,"Comfortable","Great Lakes",44907,32,32,"Some college","Some college","Married","Very happy","Male","Female",13371523200,32,21,31,"Married"
"5","Technician                            ","Customer Service               ",42000,40000,"Struggling","Mid Atlantic",22191,39,38,"Coll Grad","Coll Grad","Married","Happy","Male","Female",13359945600,24,27,40,"Married"
"6","NGO Manager                           ","NGO Manager                    ",53000,28000,"Comfortable","New England",3257,41,41,"Coll Grad","MA/MS","Married","Very happy","Male","Female",13312166400,25,27,28,"Married"
"7","student                               ","student                        ",25000,4000,"Struggling","Great Lakes",49104,37,29,"Some Grad Sch","Some Grad Sch","Married","Happy","Male","Female",13381200000,27,30,26,"Married"
"8","Student                               ","Student                        ",2000,5000,"Struggling","N Central",51579,21,20,"Some college","Some college","Long-term committed","Happy","Male","Female",13365907200,26,29,39,"Single"
"9","Buisness Development                  ","Teacher                        ",110000,25000,"Comfortable","Pac Coast/Islands",94123,28,28,"Coll Grad","Coll Grad","Long-term committed","Very happy","Male","Female",13327200000,30,28,43,"Single"
"10","poultry producer                      ","home maker                     ",1e+05,1e+05,"Comfortable","S Central",71449,26,27,"Some college","Some college","Married","Very happy","Male","Female",13362710400,34,28,30,"Married"
"11","Retired                               ","Retired                        ",22000,20000,"Comfortable","Mid Central",67212,61,60,"Some Grad Sch","HS Grad","Dating several people","Mixed","Male","Female",13357008000,24,35,44,"Single"
"12","Counselor                             ","Homemaker                      ",30000,0,"Comfortable","N Central",58102,29,30,"Coll Grad","Coll Grad","Married","Mixed","Male","Female",13346553600,23,35,49,"Married"
"13","firefighter                           ","banker                         ",45000,35000,"Comfortable","S East",32792,33,33,"Some college","Some college","Married","Unhappy","Male","Female",13386124800,26,33,23,"Married"
"14","Graduate Assistant & Tutor            ","Subsitute Teacher & Nanny      ",10000,8000,"Struggling","S Central",79411,24,22,"Some Grad Sch","Coll Grad","Married","Very happy","Male","Female",13356921600,23,21,47,"Married"
"15","Research                              ","Marketing                      ",28000,20000,"Struggling","Pac Coast/Islands",92122,25,24,"Coll Grad","Coll Grad","Long-term committed","Very happy","Male","Female",13302403200,32,35,36,"Single"
"16","student                               ","student                        ",8960,14800,"Struggling","S East",30458,22,21,"Some college","Some college","Long-term committed","Very unhappy","Male","Female",13362969600,34,26,39,"Single"
"17","Accountant                            ","Teacher                        ",1e+05,32000,"Comfortable","Mid Central",60178,35,35,"MA/MS","Coll Grad","Married","Very happy","Male","Female",13358131200,35,20,35,"Married"
"18","Physiatrist                           ","Interior Designer              ",185000,35000,"Comfortable","New England",7004,29,30,"Doctorate","Coll Grad","Married","Very happy","Male","Female",13376188800,13,24,35,"Married"
"19","technician                            ","beaming operator               ",45000,45000,"Struggling","S East",35958,38,36,"Some college","No HS","Married","Happy","Male","Female",13369708800,35,33,36,"Married"
"20","Telecommunications                    ","Nurse                          ",30000,40000,"Comfortable","Mid Central",68124,27,24,"Coll Grad","MA/MS","Married","Very happy","Male","Female",13359859200,24,28,27,"Married"
"21","Corporate Accountant                  ","Office Clerk                   ",32000,27000,"Struggling","N. East",18944,30,30,"Coll Grad","HS Grad","Married","Happy","Male","Female",13364352000,29,15,41,"Married"
"22","carpenter                             ","writer                         ",50000,30000,"Struggling","Pac Coast/Islands",91040,27,28,"Coll Grad","Coll Grad","Long-term committed","Very happy","Male","Female",13379644800,32,25,53,"Single"
"23","Student                               ","Student                        ",45000,20000,"Struggling","Pac Coast/Islands",90046,25,26,"Some Grad Sch","Some Grad Sch","Long-term committed","Mixed","Male","Female",13366771200,35,28,36,"Single"
"24","Executive                             ","Homemaker                      ",285000,30000,"Struggling","Pac Coast/Islands",90049,48,48,"Doctorate","Doctorate","Married","Mixed","Male","Female",13324348800,35,30,41,"Married"
"25","military                              ","childcare                      ",40000,10000,"Comfortable","Pac Coast/Islands",99703,39,35,"Some Grad Sch","Coll Grad","Married","Happy","Male","Female",13381286400,32,28,33,"Married"
"26","student                               ","student                        ",7000,7000,"Struggling","Mid West",83705,36,36,"Some Grad Sch","Coll Grad","Married","Happy","Male","Female",13329964800,15,29,51,"Married"
"27","therapist                             ","teacher                        ",35000,65000,"Comfortable","Pac Coast/Islands",95843,33,35,"MA/MS","MA/MS","Married","Happy","Male","Female",13381804800,39,30,29,"Married"
"28","Operations Supervisor                 ","Teacher                        ",26000,34000,"Struggling","S East",32177,26,25,"Coll Grad","Coll Grad","Married","Very happy","Male","Female",13384656000,22,30,41,"Married"
"29","Editor                                ","Editor                         ",55000,60000,"Comfortable","New England",1810,44,41,"Some Grad Sch","Coll Grad","Dating one person","Happy","Male","Female",13322534400,31,34,39,"Single"
"30","Mortgage Consultant                   ","marketing Rep                  ",60000,15000,"Struggling","Mid West",85043,43,40,"Some college","Some college","Married","Happy","Male","Female",13365216000,25,27,32,"Married"
"31","Political Staffer                     ","Customer Service               ",35000,20000,"Comfortable","Mid West",80233,25,24,"Coll Grad","HS Grad","Married","Very happy","Male","Female",13386297600,28,16,41,"Married"
"32","sales                                 ","social work                    ",95000,25000,"Comfortable","Mid Central",63017,44,42,"Coll Grad","Coll Grad","Married","Happy","Male","Female",13370140800,42,31,24,"Married"
"33","Manager                               ","Housewife                      ",80000,0,"Struggling","Mid Central",60013,63,58,"Coll Grad","Some college","Married","Unhappy","Male","Female",13371177600,28,29,29,"Married"
"34","Hotel Developer                       ","Marketing Manager              ",55000,60000,"Struggling","N. East",12308,32,30,"Coll Grad","Coll Grad","Married","Happy","Male","Female",13362451200,36,29,50,"Married"
"35","Solidier                              ","Nurse                          ",81000,67000,"Comfortable","S East",36305,44,45,"MA/MS","Coll Grad","Married","Happy","Male","Female",13357612800,23,28,25,"Married"
"36","counselor                             ","na                             ",55000,11111,"Comfortable","Great Lakes",42223,45,31,"Some Grad Sch","Coll Grad","Dating one person","Happy","Male","Female",13378780800,28,28,41,"Single"
"37","State Worker                          ","Correction Officer             ",54000,52000,"Struggling","New England",8046,42,44,"Some college","HS Grad","Married","Mixed","Male","Female",13366684800,36,24,44,"Married"
"38","operations supervisor                 ","law student                    ",45000,0,"Comfortable","S East",30033,30,24,"Coll Grad","Some Grad Sch","Long-term committed","Happy","Male","Female",13382928000,30,32,44,"Single"
"39","Teacher                               ","Teacher                        ",34000,35000,"Comfortable","N. East",12025,29,28,"Some Grad Sch","MA/MS","Married","Mixed","Male","Female",13368672000,46,34,41,"Married"
"40","Sales                                 ","Housewife                      ",125000,0,"Struggling","Great Lakes",48367,38,32,"Some college","Coll Grad","Married","Mixed","Male","Female",13376966400,37,35,51,"Married"
"41","Product Manager                       ","Translator                     ",81500,40000,"Struggling","N. East",18970,44,43,"Coll Grad","Some Grad Sch","Married","Happy","Male","Female",13339555200,18,29,32,"Married"
"42","Engineer                              ","Home maker                     ",90000,3000,"Comfortable","Mid Atlantic",23321,38,37,"Coll Grad","HS Grad","Married","Very happy","Male","Female",13372041600,33,22,26,"Married"
"43","Family Therapist                      ","Apartment Manager              ",30000,1000,"Struggling","Pac Coast/Islands",98391,30,31,"MA/MS","Some college","Married","Happy","Male","Female",13374460800,28,27,33,"Married"
"44","manager                               ","manager                        ",60000,60000,"Struggling","N. East",10003,36,36,"Some college","Coll Grad","Married","Happy","Male","Female",13359254400,36,26,35,"Married"
"45","electronics tech                      ","teacher                        ",70000,63000,"Comfortable","Pac Coast/Islands",93312,48,53,"Some college","MA/MS","Married","Mixed","Male","Female",13359772800,27,29,38,"Married"
"46","teacher                               ","teacher                        ",30000,25000,"Comfortable","N. East",10000,27,32,"Coll Grad","HS Grad","Long-term committed","Happy","Male","Female",13358736000,33,32,41,"Single"
"47","Law Enforcement/Military              ","secritary                      ",25000,24000,"Struggling","Pac Coast/Islands",97266,24,22,"Some college","Some college","Dating several people","Unhappy","Male","Female",13380854400,33,33,29,"Single"
"48","Business Development                  ","IT Manager                     ",40000,85000,"Comfortable","S East",30038,47,43,"Some college","Coll Grad","Married","Very happy","Male","Female",13358131200,34,24,50,"Married"
"49","computer tech                         ","computer tech                  ",35000,45000,"Comfortable","Great Lakes",46060,28,36,"Coll Grad","Coll Grad","Long-term committed","Very happy","Male","Female",13386729600,25,31,21,"Single"
"50","operator                              ","housewife                      ",30000,0,"Comfortable","Great Lakes",40165,30,27,"Some college","HS Grad","Married","Happy","Male","Female",13358390400,27,24,28,"Married"
"51","dancer                                ","docter                         ",50000,50000,"Comfortable","N Central",56589,25,24,"Coll Grad","Doctorate","Long-term committed","Very happy","Male","Female",13314412800,34,37,31,"Single"
"52","Manager                               ","Literacy Specialist            ",35000,15000,"Struggling","Pac Coast/Islands",91786,53,29,"HS Grad","Some college","Long-term committed","Mixed","Male","Female",13341888000,26,28,32,"Single"
"53","Archery Bow Tech                      ","Banker                         ",6000,11000,"Comfortable","Mid Central",67203,21,21,"Some college","Coll Grad","Long-term committed","Very happy","Male","Female",13364092800,25,35,40,"Single"
"54","IT                                    ","Banking                        ",85000,62000,"Comfortable","S East",32218,33,33,"Some college","MA/MS","Married","Happy","Male","Female",13365129600,23,17,41,"Married"
"55","retail manager                        ","disabled                       ",40000,11000,"Struggling","Mid Central",61104,42,36,"Coll Grad","HS Grad","Married","Happy","Male","Female",13386902400,51,56,41,"Married"
"56","Photographer                          ","LPN                            ",20000,30000,"Struggling","N Central",51358,22,23,"Coll Grad","Coll Grad","Long-term committed","Very happy","Male","Female",13311907200,24,27,30,"Single"
"57","Software Engineer                     ","Housewife                      ",90000,7200,"Comfortable","Pac Coast/Islands",95014,28,28,"MA/MS","MA/MS","Married","Happy","Male","Female",13382323200,39,18,42,"Married"
"58","admin.                                ","office coordinator             ",28000,30000,"Struggling","Pac Coast/Islands",91030,22,25,"Some college","Some college","Long-term committed","Happy","Male","Female",13371004800,45,33,44,"Single"
"59","Military                              ","student                        ",53000,14000,"Comfortable","Pac Coast/Islands",92054,29,26,"Some college","Some college","Married","Very happy","Male","Female",13372905600,34,25,44,"Married"
"60","self-employed                         ","lawyer                         ",125000,160000,"Struggling","Mid Central",60604,38,45,"MA/MS","MA/MS","Married","Very unhappy","Male","Female",13363056000,36,15,56,"Married"
"61","Marriage and Family Therapist Intern  ","Housewife                      ",50000,0,"Comfortable","Pac Coast/Islands",90620,27,28,"MA/MS","HS Grad","Married","Very happy","Male","Female",13303699200,25,26,44,"Married"
"62","retired                               ","food server                    ",25000,8000,"Comfortable","N. East",11218,56,54,"Coll Grad","HS Grad","Married","Mixed","Male","Female",13371868800,19,37,29,"Married"
"63","Business Owner                        ","Retired                        ",250000,0,"Comfortable","Pac Coast/Islands",98332,42,47,"HS Grad","Some college","Married","Mixed","Male","Female",13342752000,29,20,48,"Married"
"64","Engineering Manager                   ","Administrative Assistant       ",99000,30100,"Comfortable","Mid West",85365,35,33,"HS Grad","HS Grad","Long-term committed","Happy","Male","Female",13370832000,39,25,46,"Single"
"65","Consultant                            ","Marketing                      ",125000,120000,"Comfortable","Pac Coast/Islands",92130,35,32,"MA/MS","MA/MS","Married","Happy","Male","Female",13361068800,26,29,40,"Married"
"66","construction                          ","special ed teacher             ",35000,37000,"Struggling","Pac Coast/Islands",95207,30,26,"HS Grad","Some Grad Sch","Long-term committed","Very happy","Male","Female",13383532800,27,35,33,"Single"
"67","designer                              ","planner                        ",40000,0,"Struggling","New England",2143,23,23,"Coll Grad","Some Grad Sch","Dating one person","Mixed","Male","Female",13358131200,30,30,51,"Single"
"68","Psychologist                          ","Dental Hygienist               ",1e+05,10000,"Struggling","Pac Coast/Islands",92677,47,51,"Doctorate","Coll Grad","Married","Very happy","Male","Female",13294972800,27,22,45,"Married"
"69","military                              ","military                       ",30000,30000,"Struggling","N Central",54902,22,24,"HS Grad","Coll Grad","Long-term committed","Happy","Male","Female",13358995200,36,36,38,"Single"
"70","Trucking Executive                    ","Housewife                      ",250000,0,"Comfortable","Great Lakes",49120,49,47,"Coll Grad","Some college","Married","Very happy","Male","Female",13366944000,36,20,49,"Married"
"71","Construction                          ","Human Reasources               ",85000,55000,"Comfortable","S East",33440,39,37,"Some Grad Sch","MA/MS","Married","Happy","Male","Female",13368585600,45,28,37,"Married"
"72","Delivery Driver                       ","Retail                         ",15000,11000,"Struggling","Mid West",84790,23,20,"Some college","Some college","Dating several people","Mixed","Male","Female",13382755200,31,22,42,"Single"
"73","Firefighter                           ","911 Dispatcher                 ",96000,60000,"Struggling","S East",32514,34,45,"HS Grad","Some college","Married","Very unhappy","Male","Female",13370486400,34,32,38,"Married"
"74","clerk                                 ","clerk                          ",13000,5000,"Struggling","N Central",54873,22,21,"Some college","Some college","Dating one person","Happy","Male","Female",13373596800,38,35,47,"Single"
"75","Executive                             ","housewife                      ",120000,0,"Comfortable","Pac Coast/Islands",92677,59,60,"Coll Grad","Some college","Married","Very happy","Male","Female",13365388800,36,25,46,"Married"
"76","Student                               ","Student                        ",0,0,"Comfortable","S East",30092,21,20,"Some college","Some college","Long-term committed","Very happy","Male","Female",13363660800,48,23,50,"Single"
"77","Student / Entertainment Industry      ","Student                        ",25000,0,"Comfortable","S East",30306,21,21,"Some college","Some college","Dating one person","Mixed","Male","Female",13350355200,25,17,36,"Single"
"78","Teacher                               ","Massage Therapist              ",45000,25000,"Struggling","Pac Coast/Islands",99801,37,41,"MA/MS","Coll Grad","Married","Happy","Male","Female",13384569600,36,28,37,"Married"
"79","Social Services                       ","Social Services                ",26000,20000,"Struggling","S Central",71913,46,49,"MA/MS","Coll Grad","Married","Very happy","Male","Female",13360291200,30,26,19,"Married"
"80","waiter/server                         ","full time student              ",28000,0,"Comfortable","Pac Coast/Islands",95012,23,23,"Some college","Some college","Long-term committed","Mixed","Male","Female",13383446400,25,29,41,"Single"
"81","teacher                               ","admisnistrator                 ",80000,50000,"Comfortable","S Central",79413,42,37,"Some Grad Sch","Coll Grad","Married","Very happy","Male","Female",13343356800,34,27,40,"Married"
"82","coporate lawyer                       ","CEO                            ",1e+05,1e+05,"Comfortable","N Central",50125,42,41,"Doctorate","Doctorate","Married","Very happy","Male","Female",13379212800,42,35,32,"Married"
"83","Grahpic Artist                        ","Sale                           ",29000,60000,"Struggling","S Central",73071,35,30,"Coll Grad","Coll Grad","Married","Mixed","Male","Female",13377916800,18,23,26,"Married"
"84","investor                              ","homemaker                      ",30000,0,"Struggling","S East",34434,49,45,"Some college","Coll Grad","Married","Happy","Male","Female",13378521600,42,24,58,"Married"
"85","Writer                                ","Auditor                        ",35000,85000,"Comfortable","New England",1504,35,38,"Coll Grad","Some Grad Sch","Married","Very happy","Male","Female",13386124800,37,31,49,"Married"
"86","Engineer                              ","House wife                     ",73000,0,"Comfortable","S East",30040,38,35,"Coll Grad","Coll Grad","Married","Very happy","Male","Female",13300588800,22,27,42,"Married"
"87","warehouse                             ","none                           ",37000,7200,"Struggling","Mid West",85220,39,55,"HS Grad","No HS","Married","Happy","Male","Female",13383014400,23,30,30,"Married"
"88","mortgage broker                       ","banker                         ",45000,24000,"Struggling","Mid Central",66202,23,22,"HS Grad","Some college","Dating one person","Happy","Male","Female",13360291200,53,45,48,"Single"
"89","Psychotherapist                       ","Patient finance manager        ",120000,70000,"Struggling","N. East",10706,52,48,"Doctorate","Coll Grad","Married","Mixed","Male","Female",13341801600,41,31,35,"Married"
"90","Computer specialist                   ","Beatician                      ",59000,25000,"Comfortable","N. East",11367,36,36,"Coll Grad","HS Grad","Married","Very happy","Male","Female",13307068800,27,31,32,"Married"
"91","engineer                              ","engineerr                      ",80000,60000,"Struggling","Mid Central",67219,29,23,"Some Grad Sch","Coll Grad","Long-term committed","Happy","Male","Female",13383446400,32,37,49,"Single"
"92","Sales                                 ","Grad Student                   ",44000,15000,"Comfortable","Mid West",80218,27,28,"Some Grad Sch","MA/MS","Long-term committed","Very happy","Male","Female",13388112000,39,29,58,"Single"
"93","IT                                    ","Admin                          ",2e+05,30000,"Struggling","New England",6830,31,33,"Some college","Coll Grad","Dating one person","Mixed","Male","Female",13336272000,33,23,47,"Single"
"94","Sales                                 ","Customer Service               ",75000,68000,"Comfortable","S Central",77373,32,35,"Some college","Some college","Dating one person","Mixed","Male","Female",13381891200,30,23,35,"Single"
"95","Service Rep                           ","Manager                        ",36000,43000,"Struggling","Mid Central",66216,42,32,"Some college","Some college","Married","Mixed","Male","Female",13379731200,24,33,38,"Married"
"96","Consultant                            ","Consultant                     ",1e+05,1e+05,"Comfortable","S East",30306,39,43,"Coll Grad","Coll Grad","Married","Happy","Male","Female",13369190400,46,25,40,"Married"
"97","Assistant Professor                   ","High School Teacher            ",67500,34000,"Comfortable","Mid Central",66547,36,28,"Doctorate","MA/MS","Married","Very happy","Male","Female",13377052800,26,24,33,"Married"
"98","engineer                              ","business owner                 ",125000,50000,"Comfortable","Pac Coast/Islands",92886,38,37,"Some college","Some Grad Sch","Married","Very happy","Male","Female",13371523200,34,18,42,"Married"
"99","Psychologist                          ","home maker                     ",120000,0,"Struggling","Pac Coast/Islands",95020,49,45,"Doctorate","Some college","Married","Happy","Male","Female",13318646400,42,29,35,"Married"
"100","Teacher                               ","interior designer              ",30000,12000,"Struggling","N. East",12871,37,25,"MA/MS","Coll Grad","Married","Very happy","Male","Female",13388716800,27,27,34,"Married"
"101","OFFICE MGR                            ","SELF EMPLOYED                  ",32000,140000,"Struggling","Great Lakes",46845,42,39,"Some college","Coll Grad","Married","Mixed","Male","Female",13332729600,55,51,38,"Married"
"102","FInancial Advisor                     ","Doctor                         ",80000,150000,"Struggling","N. East",10549,38,40,"Some Grad Sch","Doctorate","Married","Very happy","Male","Female",13346985600,29,21,37,"Married"
"103","semi-retired                          ","administrator                  ",2000,149500,"Comfortable","Pac Coast/Islands",95340,56,54,"Coll Grad","Doctorate","Married","Very happy","Male","Female",13327891200,27,29,44,"Married"
"104","credit analyst                        ","personal trainer               ",44520,31000,"Struggling","Pac Coast/Islands",91208,27,35,"Some college","Some college","Married","Mixed","Male","Female",13358649600,25,25,31,"Married"
"105","cabinetry                             ","retail sales                   ",26000,18300,"Struggling","Mid Central",63801,40,30,"HS Grad","Some college","Married","Mixed","Male","Female",13373769600,34,29,35,"Married"
"106","Sales                                 ","Home Maker                     ",2e+05,0,"Comfortable","Pac Coast/Islands",94702,27,26,"Coll Grad","Some college","Married","Happy","Male","Female",13304563200,35,14,49,"Married"
"107","data analyst                          ","sales                          ",50000,42000,"Comfortable","Pac Coast/Islands",90716,28,29,"Coll Grad","Coll Grad","Married","Very happy","Male","Female",13372819200,29,29,38,"Married"
"108","Contractor                            ","Administrative Assistant       ",20000,13000,"Comfortable","N Central",53110,44,29,"HS Grad","Some college","Dating one person","Happy","Male","Female",13380336000,28,32,41,"Single"
"109","office assistant                      ","medical records liasion        ",42000,48000,"Comfortable","Mid Atlantic",21078,46,42,"Coll Grad","Some college","Long-term committed","Very happy","Male","Female",13314153600,35,32,36,"Single"
"110","Legislative Aide                      ","Nurse                          ",55000,48000,"Struggling","Pac Coast/Islands",99515,33,30,"Some Grad Sch","Coll Grad","Married","Happy","Male","Female",13384051200,33,19,31,"Married"
"111","Missionary                            ","House Wife                     ",24000,0,"Comfortable","Mid Central",67749,46,41,"Coll Grad","HS Grad","Married","Very happy","Male","Female",13330310400,14,23,33,"Married"
"112","Social Studies Teacher                ","Stay at Home Mom (Homeschooler)",42000,0,"Struggling","S Central",79414,35,35,"MA/MS","Coll Grad","Married","Very unhappy","Male","Female",13371868800,34,37,46,"Married"
"113","respiratory therapist                 ","student                        ",35000,12000,"Struggling","S East",32780,28,24,"Coll Grad","Some college","Married","Very happy","Male","Female",13382582400,25,21,29,"Married"
"114","chef                                  ","teacher                        ",2e+05,27000,"Comfortable","S Central",75013,23,57,"Some college","Doctorate","Dating several people","Very happy","Male","Female",13358131200,38,44,40,"Single"
"115","lawyer                                ","nurse                          ",60000,45000,"Comfortable","N. East",11361,26,25,"Doctorate","Coll Grad","Married","Very happy","Male","Female",13369622400,19,30,37,"Married"
"116","Advisor                               ","Health care                    ",50000,70000,"Struggling","Mid West",89135,42,35,"Some college","Coll Grad","Married","Unhappy","Male","Female",13347590400,23,18,45,"Married"
"117","construction superintendent           ","Homemaker                      ",72000,0,"Struggling","Mid West",80104,30,28,"Some college","Some college","Married","Very happy","Male","Female",13367116800,26,24,36,"Married"
"118","Attorney                              ","Homemaker                      ",85000,0,"Comfortable","Mid Atlantic",22911,33,33,"MA/MS","Some college","Married","Happy","Male","Female",13375584000,21,29,41,"Married"
"119","Chemist                               ","Pharmacist                     ",60000,60000,"Comfortable","Great Lakes",47803,35,35,"MA/MS","Coll Grad","Married","Very happy","Male","Female",13299897600,48,32,38,"Married"
"120","Paralegal                             ","Marketing                      ",36000,36000,"Comfortable","Pac Coast/Islands",93111,22,23,"Coll Grad","Coll Grad","Long-term committed","Very happy","Male","Female",13336444800,28,28,45,"Single"
"121","Business Operations                   ","Social Worker                  ",136000,55000,"Comfortable","Mid Atlantic",22193,51,55,"MA/MS","Coll Grad","Married","Very happy","Male","Female",13359427200,23,23,37,"Married"
"122","Finance                               ","School Teacher                 ",38000,30000,"Comfortable","Mid West",89103,27,25,"Some college","Coll Grad","Married","Happy","Male","Female",13368412800,36,26,50,"Married"
"123","supervisor                            ","nurse                          ",41600,8000,"Comfortable","Great Lakes",46809,28,28,"HS Grad","Coll Grad","Married","Happy","Male","Female",13363574400,42,20,35,"Married"
"124","supervisor                            ","manager                        ",42000,40000,"Struggling","S East",30215,24,25,"Some college","Some college","Long-term committed","Mixed","Male","Female",13371004800,52,28,46,"Single"
"125","buisness owner                        ","office worker                  ",60000,34000,"Comfortable","New England",4103,33,32,"Coll Grad","Coll Grad","Married","Very unhappy","Male","Female",13339900800,40,31,55,"Married"
"126","Quantitative Trader                   ","Finance Analyst                ",85000,83000,"Comfortable","Mid Central",60004,28,27,"MA/MS","MA/MS","Dating one person","Happy","Male","Female",13384137600,25,30,38,"Single"
"127","Sales                                 ","Admin                          ",42000,52000,"Struggling","Mid West",85023,38,32,"Some college","No HS","Dating one person","Mixed","Male","Female",13382841600,41,40,37,"Single"
"128","Mortage Consultant                    ","Waitress                       ",30000,12000,"Struggling","S Central",75287,21,21,"Some college","Some college","Long-term committed","Mixed","Male","Female",13343702400,53,33,51,"Single"
"129","merchandiser                          ","cosmotologist                  ",56000,33000,"Comfortable","Mid Central",62525,30,25,"MA/MS","Some college","Married","Very happy","Male","Female",13299292800,21,32,47,"Married"
"130","Consultant                            ","Mom                            ",150000,0,"Comfortable","Pac Coast/Islands",93111,31,35,"Coll Grad","Coll Grad","Married","Happy","Male","Female",13333507200,31,18,30,"Married"
"131","business analyst                      ","custmer service                ",60000,40000,"Comfortable","Great Lakes",46254,50,52,"MA/MS","Some college","Dating one person","Unhappy","Male","Female",13353120000,28,24,38,"Single"
"132","Line Cook                             ","Waitress                       ",18000,18000,"Struggling","N. East",16066,21,25,"HS Grad","Some college","Dating one person","Mixed","Male","Female",13359254400,31,38,43,"Single"
"133","Manager                               ","Database Analyst               ",70000,30000,"Comfortable","N Central",55343,28,26,"Coll Grad","Coll Grad","Long-term committed","Very happy","Male","Female",13368758400,20,25,25,"Single"
"134","Sales                                 ","Education                      ",50000,32000,"Comfortable","Mid West",80459,27,25,"Coll Grad","Some Grad Sch","Long-term committed","Very happy","Male","Female",13359427200,48,25,49,"Single"
"135","Accountant                            ","Graphic Designer               ",62000,42000,"Struggling","N Central",55060,29,29,"Coll Grad","Coll Grad","Married","Happy","Male","Female",13333766400,31,17,34,"Married"
"136","diesel mechanic                       ","stay at home mom               ",26000,0,"Struggling","Mid Central",68701,30,33,"Coll Grad","Coll Grad","Married","Mixed","Male","Female",13343356800,40,32,42,"Married"
"137","Store Worker                          ","Military                       ",30000,45000,"Comfortable","New England",9459,35,36,"Some college","Coll Grad","Married","Happy","Male","Female",13368758400,20,28,36,"Married"
"138","educator                              ","student                        ",58500,30000,"Struggling","Pac Coast/Islands",98125,36,34,"MA/MS","Coll Grad","Married","Happy","Male","Female",13372128000,30,31,42,"Married"
"139","IT Manager                            ","Consultant                     ",87300,0,"Struggling","Mid Atlantic",20901,41,41,"MA/MS","Some Grad Sch","Married","Happy","Male","Female",13333334400,28,19,36,"Married"
"140","Real Estate                           ","Interior design                ",50000,45000,"Comfortable","Mid West",89141,36,29,"Some college","Some college","Married","Very happy","Male","Female",13346380800,39,33,41,"Married"
"141","System Administrator                  ","Billing Administrator          ",66000,32000,"Comfortable","Mid Atlantic",21788,39,43,"Some college","HS Grad","Married","Happy","Male","Female",13365043200,27,28,42,"Married"
"142","Sales Manager                         ","Assistant                      ",40000,13200,"Comfortable","Mid West",85037,23,18,"HS Grad","Some college","Long-term committed","Very happy","Male","Female",13383705600,43,28,33,"Single"
"143","Professor                             ","Counselor                      ",56000,32000,"Comfortable","New England",1701,34,32,"Doctorate","MA/MS","Long-term committed","Mixed","Male","Female",13307155200,21,25,41,"Single"
"144","Lawyer                                ","Nurse                          ",175000,0,"Comfortable","S East",32804,38,35,"Doctorate","Coll Grad","Married","Unhappy","Male","Female",13386211200,35,26,40,"Married"
"145","correctional officer                  ","fast food manager              ",20000,20000,"Comfortable","S East",31516,27,27,"Some college","Some college","Married","Happy","Male","Female",13382582400,33,30,23,"Married"
"146","computers                             ","health care                    ",85000,31,"Comfortable","New England",2135,28,24,"Coll Grad","MA/MS","Long-term committed","Happy","Male","Female",13304217600,34,28,34,"Single"
"147","Manager                               ","Dental Assistant               ",95000,40000,"Comfortable","Mid Central",67124,53,48,"Coll Grad","Some college","Married","Very unhappy","Male","Female",13388630400,34,21,29,"Married"
"148","Graphic Designer                      ","Janitor                        ",25000,30000,"Comfortable","N. East",15235,26,28,"Some college","HS Grad","Long-term committed","Happy","Male","Female",13358131200,40,28,40,"Single"
"149","programmer                            ","Administrator                  ",12000,45000,"Comfortable","Mid West",84601,29,30,"Coll Grad","Some college","Married","Happy","Male","Female",13337913600,23,30,42,"Married"
"150","Psychotherapist                       ","Realator                       ",60000,50000,"Struggling","Mid West",80124,57,54,"MA/MS","HS Grad","Married","Happy","Male","Female",13343529600,42,39,46,"Married"
"151","Secretary                             ","none                           ",20000,0,"Struggling","S East",32792,23,22,"Some college","Coll Grad","Long-term committed","Mixed","Male","Female",13380595200,38,30,50,"Single"
"152","Student                               ","Secretary                      ",16000,28000,"Comfortable","Great Lakes",46143,27,23,"Some college","Some college","Dating one person","Mixed","Male","Female",13367894400,36,38,34,"Single"
"153","Professor                             ","Minister                       ",85000,10000,"Struggling","New England",4401,51,50,"Doctorate","MA/MS","Married","Mixed","Male","Female",13361155200,27,19,40,"Married"
"154","student                               ","planner                        ",15000,55000,"Struggling","Pac Coast/Islands",97219,35,35,"Some college","Coll Grad","Married","Mixed","Male","Female",13359081600,30,38,41,"Married"
"155","Cleanroom cleaner                     ","Bank Teller                    ",15000,17000,"Struggling","Pac Coast/Islands",92110,24,24,"Some college","Coll Grad","Married","Mixed","Male","Female",13381113600,36,37,33,"Married"
"156","Consultant                            ","Teacher                        ",150000,50000,"Comfortable","S East",30045,38,37,"Coll Grad","MA/MS","Married","Very unhappy","Male","Female",13367376000,38,26,43,"Married"
"157","software                              ","software                       ",1e+05,90000,"Comfortable","Mid Central",60102,29,32,"MA/MS","MA/MS","Long-term committed","Happy","Male","Female",13350873600,29,20,49,"Single"
"158","Program Manager                       ","Exec Assistance                ",157000,35000,"Comfortable","Mid Atlantic",22192,47,46,"MA/MS","Coll Grad","Married","Mixed","Male","Female",13359427200,32,27,42,"Married"
"159","US Army                               ","Medical Assistant              ",55000,25000,"Struggling","Great Lakes",42223,39,42,"Some college","Some college","Married","Happy","Male","Female",13365734400,35,28,36,"Married"
"160","Finance                               ","Housewife                      ",125000,0,"Comfortable","N Central",55347,52,52,"MA/MS","Coll Grad","Married","Happy","Male","Female",13380595200,48,25,53,"Married"
"161","team leader                           ","supervisor                     ",60000,40000,"Comfortable","Mid Atlantic",28092,33,32,"Some college","Coll Grad","Married","Happy","Male","Female",13370227200,50,31,32,"Married"
"162","IT                                    ","Flight Attendant               ",90000,30000,"Comfortable","S East",30071,29,29,"HS Grad","Some college","Married","Happy","Male","Female",13302748800,41,23,47,"Married"
"163","Trader                                ","project manager                ",85000,83000,"Comfortable","Mid Central",60004,28,27,"MA/MS","MA/MS","Long-term committed","Happy","Male","Female",13384137600,25,30,38,"Single"
"164","Sales                                 ","Homemaker                      ",155000,0,"Comfortable","Pac Coast/Islands",90066,53,43,"MA/MS","Coll Grad","Married","Very happy","Male","Female",13381632000,29,24,49,"Married"
"165","CPA                                   ","Homemaker                      ",1e+05,0,"Comfortable","Mid Central",63109,40,39,"Coll Grad","Some college","Married","Happy","Male","Female",13296268800,22,17,41,"Married"
"166","Engineer                              ","Lawyer                         ",70000,1e+05,"Comfortable","Great Lakes",47978,30,27,"MA/MS","MA/MS","Long-term committed","Very happy","Male","Female",13326595200,28,31,43,"Single"
"167","Teacher                               ","Teacher                        ",30000,10000,"Struggling","S Central",78745,38,36,"Coll Grad","Coll Grad","Married","Happy","Male","Female",13362278400,37,27,39,"Married"
"168","STUDENT                               ","COSMETOLOGIST                  ",15000,65000,"Struggling","N Central",52246,22,22,"Some college","HS Grad","Dating one person","Very happy","Male","Female",13298860800,40,33,44,"Single"
"169","Mechanical Engineer                   ","Homemaker                      ",127000,0,"Comfortable","Pac Coast/Islands",92064,45,45,"Some Grad Sch","Coll Grad","Married","Mixed","Male","Female",13302403200,45,31,37,"Married"
"170","Security Officer                      ","Student                        ",27000,0,"Struggling","S Central",76114,30,26,"Some college","Some college","Married","Happy","Male","Female",13296960000,45,21,52,"Married"
"171","geologist                             ","physical therapist             ",60000,40000,"Struggling","S Central",78664,43,43,"Doctorate","Coll Grad","Married","Mixed","Male","Female",13352601600,33,34,27,"Married"
"172","Engineering                           ","Home Maker                     ",45000,0,"Struggling","Mid Central",67002,28,29,"Coll Grad","Some college","Married","Happy","Male","Female",13352601600,28,25,42,"Married"
"173","Army                                  ","housewife                      ",30000,0,"Comfortable","Mid Central",67207,24,22,"Coll Grad","Some college","Married","Happy","Male","Female",13363488000,26,18,32,"Married"
"174","Psychologist                          ","College Instructor             ",110000,30000,"Comfortable","Pac Coast/Islands",90802,50,55,"Doctorate","Some Grad Sch","Married","Very happy","Male","Female",13388198400,34,26,44,"Married"
"175","Project Manager                       ","Admin. Asst.                   ",75000,32000,"Comfortable","N. East",16024,34,47,"MA/MS","HS Grad","Married","Very happy","Male","Female",13376793600,28,26,57,"Married"
"176","Homemaker                             ","Nurse                          ",12000,39000,"Struggling","Pac Coast/Islands",92154,41,36,"No HS","Coll Grad","Married","Happy","Male","Female",13364179200,36,42,41,"Married"
"177","Paralegal                             ","Sales                          ",30000,30000,"Comfortable","N Central",57401,23,23,"Coll Grad","Coll Grad","Married","Happy","Male","Female",13365907200,36,32,37,"Married"
"178","Government                            ","Government                     ",45000,107000,"Comfortable","Mid Atlantic",25414,27,51,"Coll Grad","Doctorate","Dating one person","Happy","Male","Female",13384742400,31,30,38,"Single"
"179","Digger                                ","Shoveler                       ",1e+05,50000,"Comfortable","Pac Coast/Islands",90210,22,22,"Some college","Some college","Long-term committed","Happy","Male","Female",13330915200,27,32,47,"Single"
"180","Programmer                            ","Nurse                          ",65000,65000,"Struggling","Mid Atlantic",22015,27,27,"Coll Grad","Coll Grad","Married","Very happy","Male","Female",13358044800,25,28,29,"Married"
"181","Engineer                              ","Homemaker                      ",85000,0,"Struggling","New England",6108,38,37,"Doctorate","MA/MS","Married","Happy","Male","Female",13385952000,38,27,30,"Married"
"182","military                              ","manager                        ",40000,30000,"Struggling","S East",31602,24,23,"Some college","HS Grad","Married","Mixed","Male","Female",13311993600,39,27,39,"Married"
"183","Administration                        ","Homemaker                      ",115000,0,"Comfortable","N. East",15213,26,25,"MA/MS","Coll Grad","Married","Very happy","Male","Female",13358563200,38,17,40,"Married"
"184","Writer                                ","Billing                        ",52000,15000,"Comfortable","New England",2726,32,31,"Some college","Some college","Married","Very happy","Male","Female",13385779200,25,21,43,"Married"
"185","Counselor                             ","Teacher                        ",20000,30000,"Comfortable","S East",39765,25,22,"Coll Grad","Coll Grad","Long-term committed","Happy","Male","Female",13362796800,24,39,39,"Single"
"186","Teacher                               ","Child Care                     ",64000,10800,"Struggling","Great Lakes",48239,30,23,"MA/MS","Some college","Married","Very happy","Male","Female",13329532800,24,14,28,"Married"
"187","electrician                           ","medical auditor                ",60000,55000,"Comfortable","Pac Coast/Islands",95356,31,30,"No HS","Some college","Married","Very happy","Male","Female",13385088000,23,27,34,"Married"
"188","Entrepreneur                          ","Salesperson                    ",20000,15000,"Struggling","Great Lakes",44053,24,23,"Coll Grad","Coll Grad","Dating one person","Very unhappy","Male","Female",13358649600,32,27,52,"Single"
"189","Soldier                               ","Retired                        ",60000,16000,"Comfortable","N Central",57005,39,41,"Some Grad Sch","MA/MS","Long-term committed","Very happy","Male","Female",13301193600,18,31,38,"Single"
"190","Writer                                ","Writer                         ",60000,40000,"Comfortable","N. East",10002,27,31,"Some Grad Sch","Coll Grad","Married","Very happy","Male","Female",13371609600,33,30,33,"Married"
"191","Student                               ","Stude t                        ",25000,35000,"Struggling","Great Lakes",46226,28,30,"Some college","Coll Grad","Married","Happy","Male","Female",13364006400,19,32,35,"Married"
"192","Mechanical Engineer                   ","Business Owner                 ",72000,50000,"Comfortable","Pac Coast/Islands",93001,28,33,"Coll Grad","HS Grad","Long-term committed","Very happy","Male","Female",13297824000,24,21,28,"Single"
"193","Military                              ","Medical Assitant               ",40000,20000,"Struggling","Mid Atlantic",21046,24,26,"HS Grad","HS Grad","Dating several people","Very happy","Male","Female",13373164800,19,28,34,"Single"
"194","counselor                             ","teacher                        ",29000,65000,"Comfortable","Pac Coast/Islands",92243,27,36,"Some college","MA/MS","Long-term committed","Happy","Male","Female",13365993600,50,51,15,"Single"
"195","teacher                               ","teacher                        ",30000,28000,"Struggling","Great Lakes",44325,40,40,"MA/MS","MA/MS","Married","Happy","Male","Female",13367808000,31,36,33,"Married"
"196","Analyst                               ","Veterinarian                   ",45000,40000,"Struggling","New England",3038,32,32,"Coll Grad","Doctorate","Married","Mixed","Male","Female",13359513600,34,29,40,"Married"
"197","data coordinator                      ","cna                            ",30000,18000,"Struggling","Great Lakes",48210,47,36,"MA/MS","Some college","Married","Mixed","Male","Female",13363920000,19,19,39,"Married"
"198","human resources                       ","dental assistance              ",1e+05,20000,"Comfortable","N Central",51106,37,36,"Coll Grad","Coll Grad","Married","Very happy","Male","Female",13295318400,28,25,45,"Married"
"199","student                               ","student                        ",5000,45000,"Struggling","S Central",71360,22,22,"MA/MS","Coll Grad","Dating one person","Happy","Male","Female",13310784000,19,20,42,"Single"
"200","electonics technician                 ","accountant                     ",50000,39000,"Comfortable","Mid Atlantic",26505,26,23,"Some college","MA/MS","Long-term committed","Mixed","Male","Female",13360118400,43,31,30,"Single"
"201","Trainer                               ","Manager                        ",48000,48000,"Comfortable","S East",30022,40,57,"Some Grad Sch","Some college","Married","Mixed","Female","Male",13357872000,25,38,42,"Married"
"202","BUSINESS OWNER                        ","SUPERVISOR                     ",30000,40000,"Comfortable","S East",37343,39,51,"Coll Grad","HS Grad","Long-term committed","Very happy","Female","Male",13369017600,26,35,34,"Single"
"203","Nursing                               ","Management                     ",43000,40000,"Comfortable","Great Lakes",46250,22,24,"Coll Grad","Coll Grad","Long-term committed","Very happy","Female","Male",13363920000,28,32,28,"Single"
"204","Counselor                             ","Director                       ",25000,24000,"Comfortable","S Central",78613,22,21,"Some college","HS Grad","Married","Happy","Female","Male",13357958400,30,34,30,"Married"
"205","homemaker                             ","engeneer                       ",0,125000,"Comfortable","Mid Central",60504,27,34,"Some college","Coll Grad","Married","Very happy","Female","Male",13382841600,35,34,41,"Married"
"206","receptionist                          ","car painter                    ",24000,24000,"Struggling","Pac Coast/Islands",97205,27,27,"Coll Grad","No HS","Dating one person","Mixed","Female","Male",13315968000,31,41,41,"Single"
"207","teacher                               ","factory worker                 ",30000,20000,"Struggling","Mid Atlantic",29730,22,24,"Coll Grad","Coll Grad","Long-term committed","Very unhappy","Female","Male",13386556800,36,39,18,"Single"
"208","Analyst                               ","Navy                           ",57000,17000,"Struggling","S Central",75038,27,28,"Coll Grad","Some college","Dating one person","Mixed","Female","Male",13338864000,17,22,37,"Single"
"209","nurse                                 ","process tech.                  ",28000,51000,"Struggling","N. East",17948,42,42,"Some college","No HS","Married","Mixed","Female","Male",13384656000,51,34,31,"Married"
"210","social work                           ","supervisor                     ",30000,13000,"Struggling","N. East",10475,28,36,"Some Grad Sch","Some college","Married","Very unhappy","Female","Male",13367721600,32,25,43,"Married"
"211","Professor                             ","Accountant                     ",45000,45000,"Comfortable","Mid Atlantic",29170,35,35,"Doctorate","MA/MS","Married","Happy","Female","Male",13372387200,22,28,26,"Married"
"212","bakery worker                         ","factory worker                 ",10000,30000,"Struggling","Great Lakes",49426,53,63,"HS Grad","HS Grad","Married","Happy","Female","Male",13357699200,28,34,19,"Married"
"213","Manager Admin Svcs                    ","Unemployed                     ",43000,0,"Struggling","S Central",78230,51,53,"Coll Grad","Some college","Long-term committed","Mixed","Female","Male",13297564800,30,23,28,"Single"
"214","investments                           ","auto repair                    ",20000,50000,"Struggling","S East",33433,51,48,"MA/MS","Some college","Dating one person","Mixed","Female","Male",13344480000,50,34,53,"Single"
"215","Human Resources Coordinator           ","Youth Pastor                   ",31200,30000,"Comfortable","Pac Coast/Islands",90650,23,25,"Coll Grad","Some Grad Sch","Married","Very happy","Female","Male",13365475200,32,21,15,"Married"
"216","Student                               ","Officer US Air Force           ",0,47000,"Comfortable","Mid West",88330,29,29,"Some college","Coll Grad","Married","Very unhappy","Female","Male",13300156800,24,31,40,"Married"
"217","BILLING CLERK                         ","LABORER                        ",24000,24000,"Struggling","S East",36273,34,38,"Some college","HS Grad","Married","Very happy","Female","Male",13370745600,19,30,18,"Married"
"218","teacher                               ","computer tech                  ",45000,12000,"Struggling","Mid Central",60477,28,28,"Coll Grad","Some college","Long-term committed","Happy","Female","Male",13366425600,38,26,28,"Single"
"219","student                               ","student                        ",7000,7000,"Struggling","Mid West",83705,36,36,"Some Grad Sch","Coll Grad","Married","Mixed","Female","Male",13329964800,18,32,41,"Married"
"220","Financial Analyst                     ","Teacher                        ",40000,38000,"Struggling","Great Lakes",48185,29,32,"MA/MS","MA/MS","Married","Very happy","Female","Male",13367808000,37,26,42,"Married"
"221","Teacher                               ","Clerical Work                  ",35000,12000,"Comfortable","Pac Coast/Islands",97301,28,24,"MA/MS","HS Grad","Long-term committed","Very happy","Female","Male",13377312000,32,39,38,"Single"
"222","interior designer                     ","laborer                        ",15000,25000,"Struggling","Pac Coast/Islands",95965,35,38,"Some college","No HS","Married","Mixed","Female","Male",13365734400,33,31,43,"Married"
"223","student                               ","chemist                        ",6000,42000,"Comfortable","N. East",18018,21,27,"Some college","Some college","Married","Mixed","Female","Male",13359772800,29,33,45,"Married"
"224","service coordinator                   ","car salesman                   ",21600,35000,"Struggling","S Central",77066,25,20,"Some college","Some college","Married","Mixed","Female","Male",13375065600,35,39,42,"Married"
"225","counselor                             ","teacher's aide                 ",36000,12000,"Struggling","S East",36117,42,39,"MA/MS","MA/MS","Married","Very happy","Female","Male",13326681600,33,24,34,"Married"
"226","Management Engineer                   ","Professor                      ",70000,112000,"Comfortable","S East",32224,42,37,"MA/MS","Doctorate","Married","Very happy","Female","Male",13388544000,30,31,43,"Married"
"227","supervisor                            ","management                     ",35000,95000,"Comfortable","Mid Central",66109,38,50,"Some college","Coll Grad","Long-term committed","Happy","Female","Male",13382582400,25,26,34,"Single"
"228","Administrator                         ","Machine Operator               ",44000,28000,"Struggling","Mid Atlantic",22908,48,52,"Some college","No HS","Married","Unhappy","Female","Male",13347590400,29,22,31,"Married"
"229","Advertising                           ","Graphic Design                 ",52000,30000,"Struggling","S Central",73071,30,34,"Some college","Coll Grad","Married","Unhappy","Female","Male",13377916800,38,27,52,"Married"
"230","Unemployed                            ","Unemployed                     ",0,0,"Struggling","Pac Coast/Islands",98045,37,41,"HS Grad","HS Grad","Dating one person","Mixed","Female","Male",13319424000,22,34,43,"Single"
"231","video producer                        ","magazine editor                ",30000,85000,"Struggling","Pac Coast/Islands",94114,43,39,"Some Grad Sch","Coll Grad","Long-term committed","Happy","Female","Male",13327113600,37,51,43,"Single"
"232","program manager                       ","aircraft mechanic              ",40000,60000,"Struggling","S East",32720,49,52,"MA/MS","HS Grad","Long-term committed","Mixed","Female","Male",13295836800,35,38,36,"Single"
"233","homemaker                             ","HVAC Tech                      ",0,20000,"Struggling","Mid West",81008,23,29,"Some college","Coll Grad","Married","Mixed","Female","Male",13374115200,39,27,17,"Married"
"234","Consultant/Post-grad student          ","Business Administrator         ",40000,60000,"Comfortable","N Central",55746,48,48,"MA/MS","Some college","Married","Happy","Female","Male",13324176000,35,21,42,"Married"
"235","graduate student                      ","graduate student               ",15000,30000,"Comfortable","S Central",74074,31,38,"Doctorate","MA/MS","Married","Very happy","Female","Male",13340937600,17,31,25,"Married"
"236","Paralegal                             ","Sign technician                ",89000,75000,"Struggling","N. East",10017,50,42,"Coll Grad","HS Grad","Married","Mixed","Female","Male",13343702400,43,34,44,"Married"
"237","angie                                 ","randy                          ",35000,10000,"Struggling","N Central",55124,31,35,"Some college","Some college","Long-term committed","Happy","Female","Male",13316918400,33,32,34,"Single"
"238","Student                               ","Student/Sales Consultant       ",5000,29000,"Comfortable","S East",31216,21,26,"Some college","Some college","Long-term committed","Very happy","Female","Male",13350355200,37,31,31,"Single"
"239","Technology Consultant                 ","Insurance account executive    ",40000,40000,"Struggling","Mid Central",66604,43,40,"Coll Grad","Coll Grad","Long-term committed","Happy","Female","Male",13386556800,32,33,41,"Single"
"240","SECRETARY                             ","EXECUTIVE                      ",25200,36000,"Comfortable","Mid Atlantic",25252,28,28,"Some Grad Sch","Some Grad Sch","Married","Happy","Female","Male",13379385600,31,34,30,"Married"
"241","Teacher                               ","Teacher                        ",33000,33000,"Struggling","Mid Atlantic",23805,23,24,"Some Grad Sch","Coll Grad","Long-term committed","Very happy","Female","Male",13318300800,32,39,23,"Single"
"242","accountant                            ","builder                        ",80000,80000,"Struggling","Mid Atlantic",22315,41,44,"Coll Grad","Some college","Long-term committed","Happy","Female","Male",13373942400,20,26,28,"Single"
"243","police                                ","machinist                      ",60000,50000,"Struggling","N. East",14220,38,40,"Coll Grad","Some college","Married","Happy","Female","Male",13377312000,32,33,28,"Married"
"244","Teacher                               ","Machine Operator               ",38000,30000,"Comfortable","Mid West",85345,26,28,"MA/MS","No HS","Dating one person","Very happy","Female","Male",13373251200,29,32,30,"Single"
"245","Clerical                              ","Student                        ",18000,8000,"Struggling","Mid Central",65203,23,28,"Some college","Coll Grad","Married","Happy","Female","Male",13327459200,35,26,31,"Married"
"246","Part time Insurance Agent             ","Moldmaker                      ",4800,45000,"Struggling","Mid Central",60193,28,30,"Some college","Some college","Long-term committed","Very happy","Female","Male",13297824000,27,35,32,"Single"
"247","student                               ","security guard                 ",4000,25000,"Struggling","S Central",76114,27,30,"Some college","Some college","Married","Happy","Female","Male",13296960000,40,34,33,"Married"
"248","sales                                 ","sales                          ",10000,10000,"Struggling","New England",7652,44,45,"Coll Grad","Some college","Married","Happy","Female","Male",13298688000,24,28,31,"Married"
"249","Student                               ","Student                        ",1500,1200,"Comfortable","Pac Coast/Islands",99163,21,21,"Some college","Some college","Long-term committed","Very happy","Female","Male",13367894400,39,24,28,"Single"
"250","social worker                         ","barber                         ",37000,40000,"Struggling","S East",37013,33,31,"MA/MS","Some college","Dating one person","Mixed","Female","Male",13321152000,45,48,43,"Single"
"251","teacher                               ","supervisor                     ",33000,50000,"Comfortable","Mid West",85714,26,30,"MA/MS","HS Grad","Married","Very happy","Female","Male",13366252800,29,27,31,"Married"
"252","data entry                            ","warehouse manager              ",27300,39000,"Comfortable","N. East",12180,28,28,"Some college","Coll Grad","Long-term committed","Happy","Female","Male",13361932800,31,33,35,"Single"
"253","sales                                 ","hand on                        ",25000,15000,"Comfortable","S East",36203,27,25,"HS Grad","HS Grad","Married","Happy","Female","Male",13361414400,31,22,41,"Married"
"254","banker                                ","computer tech                  ",50000,70000,"Comfortable","S Central",79936,24,32,"Coll Grad","Some college","Married","Mixed","Female","Male",13383878400,35,34,25,"Married"
"255","Property Mgmt.                        ","Self employed                  ",39000,50000,"Struggling","Mid West",80229,37,49,"Coll Grad","HS Grad","Dating one person","Mixed","Female","Male",13318473600,33,35,30,"Single"
"256","Disabled                              ","P. E. Teacher                  ",0,33000,"Struggling","Mid Atlantic",27893,33,33,"HS Grad","Coll Grad","Married","Unhappy","Female","Male",13341110400,25,42,26,"Married"
"257","Computer Tech                         ","Artist                         ",42000,15000,"Comfortable","Great Lakes",40211,27,25,"Some college","Some college","Dating one person","Happy","Female","Male",13379212800,20,20,23,"Single"
"258","retired professor                     ","Retired professor              ",1e+05,1e+05,"Comfortable","Pac Coast/Islands",92931,62,79,"Doctorate","Doctorate","Married","Very happy","Female","Male",13345948800,27,27,35,"Married"
"259","SELF EMPLOYED                         ","OFFICE MGR                     ",140000,32000,"Comfortable","Great Lakes",46845,39,42,"Coll Grad","Some college","Married","Mixed","Female","Male",13332729600,20,14,46,"Married"
"260","Administrative Assistant              ","Contractor                     ",13000,20000,"Comfortable","N Central",53110,29,44,"Some college","HS Grad","Dating one person","Happy","Female","Male",13380336000,34,37,26,"Single"
"261","Instuctor                             ","Manager                        ",15000,1e+05,"Comfortable","N Central",54880,40,40,"MA/MS","Coll Grad","Married","Very happy","Female","Male",13364697600,40,43,37,"Married"
"262","receptionist                          ","musitian                       ",12000,12000,"Struggling","N. East",10017,25,42,"Coll Grad","No HS","Married","Unhappy","Female","Male",13345603200,41,35,48,"Married"
"263","project manager                       ","trader                         ",75000,75000,"Comfortable","N. East",10025,27,28,"MA/MS","MA/MS","Long-term committed","Happy","Female","Male",13384137600,40,42,25,"Single"
"264","Engineer                              ","Engineer                       ",75000,75000,"Comfortable","Mid Atlantic",28216,30,39,"MA/MS","Some college","Married","Very happy","Female","Male",13362624000,14,24,47,"Married"
"265","nursing assistant                     ","counter sales                  ",20000,30000,"Struggling","N. East",17404,24,31,"Some college","HS Grad","Married","Happy","Female","Male",13359168000,34,29,38,"Married"
"266","Author / Musician                     ","Painter / Musician             ",0,0,"Comfortable","S East",30188,45,43,"MA/MS","Some college","Dating several people","Mixed","Female","Male",13297132800,24,28,41,"Single"
"267","Student                               ","Student                        ",5000,0,"Struggling","Mid Central",60187,21,22,"Some college","Some college","Long-term committed","Happy","Female","Male",13362537600,33,34,20,"Single"
"268","Student                               ","Police Officer                 ",103000,27500,"Comfortable","Mid Atlantic",27316,47,48,"Coll Grad","Some college","Married","Happy","Female","Male",13358304000,25,27,40,"Married"
"269","design                                ","programmer                     ",40000,90000,"Comfortable","Pac Coast/Islands",92126,31,35,"Coll Grad","Coll Grad","Long-term committed","Happy","Female","Male",13363488000,24,36,16,"Single"
"270","Musician                              ","Musician                       ",14000,14000,"Comfortable","Mid Central",60608,26,32,"MA/MS","Some college","Long-term committed","Very happy","Female","Male",13299897600,32,23,20,"Single"
"271","case manager                          ","swim coach                     ",34000,24000,"Struggling","New England",4530,24,27,"Coll Grad","Some college","Married","Very happy","Female","Male",13346035200,35,35,35,"Married"
"272","teacher                               ","artist/driver                  ",11000,40000,"Comfortable","Mid Central",66872,49,47,"Doctorate","Some college","Married","Happy","Female","Male",13383964800,26,35,22,"Married"
"273","social worker                         ","truck driver                   ",30000,60000,"Comfortable","S East",37013,44,42,"Some Grad Sch","Some college","Married","Happy","Female","Male",13309833600,47,44,38,"Married"
"274","homemaker                             ","inventor                       ",0,150000,"Comfortable","Mid Central",60002,42,36,"Coll Grad","Coll Grad","Married","Happy","Female","Male",13302403200,33,37,38,"Married"
"275","retail                                ","artist                         ",75000,10000,"Comfortable","Mid West",87124,58,51,"Some college","Some college","Long-term committed","Mixed","Female","Male",13384828800,27,18,48,"Single"
"276","Psychologist                          ","Surfer                         ",40000,40000,"Comfortable","New England",62,29,28,"MA/MS","Some Grad Sch","Dating one person","Happy","Female","Male",13297305600,23,35,33,"Single"
"277","Student                               ","Student                        ",4000,5500,"Comfortable","Mid Central",60615,21,20,"Some college","Some college","Long-term committed","Very happy","Female","Male",13384224000,26,33,41,"Single"
"278","Marketing Associate                   ","Paralegal                      ",28800,28000,"Comfortable","Pac Coast/Islands",93101,23,22,"Coll Grad","Coll Grad","Long-term committed","Very happy","Female","Male",13336185600,31,38,40,"Single"
"279","tester                                ","night auditor                  ",1e+05,30000,"Comfortable","Mid Atlantic",29706,54,54,"Coll Grad","Coll Grad","Married","Mixed","Female","Male",13377657600,32,26,46,"Married"
"280","Student                               ","Insurance Sales                ",0,50000,"Comfortable","New England",2493,21,26,"Some college","Coll Grad","Dating one person","Mixed","Female","Male",13350268800,41,43,41,"Single"
"281","1 on 1 aide                           ","fed ex                         ",30000,35000,"Struggling","New England",8330,22,24,"Some college","Some college","Long-term committed","Happy","Female","Male",13358304000,33,35,32,"Single"
"282","Peace Corps                           ","Doctor                         ",25000,40000,"Comfortable","N Central",56589,24,26,"HS Grad","Doctorate","Long-term committed","Very happy","Female","Male",13314412800,19,33,35,"Single"
"283","teacher                               ","manager                        ",28000,90000,"Comfortable","New England",8844,41,46,"Coll Grad","Coll Grad","Married","Mixed","Female","Male",13373510400,33,31,30,"Married"
"284","teaching assistant                    ","car detailer                   ",12000,17000,"Comfortable","S East",37923,32,41,"Some college","HS Grad","Married","Mixed","Female","Male",13361068800,35,40,40,"Married"
"285","Student                               ","Technology                     ",5000,55000,"Comfortable","S East",30033,21,23,"Some college","Coll Grad","Dating several people","Happy","Female","Male",13364006400,34,37,48,"Single"
"286","Administrative Assistant              ","Military                       ",24000,30000,"Comfortable","Mid West",85340,26,23,"Some college","Coll Grad","Married","Mixed","Female","Male",13350182400,24,35,31,"Married"
"287","Success Coach                         ","Sales                          ",40000,40000,"Comfortable","Pac Coast/Islands",92109,38,51,"Some college","MA/MS","Married","Mixed","Female","Male",13319769600,31,37,46,"Married"
"288","home maker                            ","electrician                    ",0,35000,"Struggling","Pac Coast/Islands",94127,32,47,"Some college","HS Grad","Long-term committed","Mixed","Female","Male",13311993600,33,48,27,"Single"
"289","CLAIMS ADJUSTER                       ","ELECTRICIAN                    ",22000,30000,"Struggling","Pac Coast/Islands",92139,24,23,"Some college","Some college","Dating one person","Happy","Female","Male",13378780800,30,29,27,"Single"
"290","teacher                               ","unemployed                     ",50000,20000,"Comfortable","New England",2007,29,27,"Coll Grad","Coll Grad","Dating one person","Mixed","Female","Male",13381804800,30,34,31,"Single"
"291","student                               ","cnc machinist                  ",0,35000,"Struggling","Great Lakes",44102,22,23,"Some college","Coll Grad","Long-term committed","Very happy","Female","Male",13368326400,24,49,22,"Single"
"292","Produce Manager                       ","Student                        ",20000,0,"Comfortable","Mid Central",61802,29,56,"Coll Grad","Coll Grad","Long-term committed","Happy","Female","Male",13360377600,25,31,35,"Single"
"293","office worker                         ","chef                           ",20000,31000,"Struggling","Mid Atlantic",23832,25,28,"Some college","Coll Grad","Long-term committed","Happy","Female","Male",13377398400,39,38,37,"Single"
"294","biologist                             ","driver                         ",16000,24000,"Struggling","Pac Coast/Islands",98103,39,32,"MA/MS","Coll Grad","Dating one person","Very happy","Female","Male",13342320000,29,37,27,"Single"
"295","Administrative Assistant              ","Drywall                        ",32500,34000,"Comfortable","Pac Coast/Islands",98684,25,26,"HS Grad","HS Grad","Married","Very happy","Female","Male",13378694400,30,33,26,"Married"
"296","Professor                             ","Consultant                     ",50000,1e+05,"Comfortable","Pac Coast/Islands",95603,49,55,"Doctorate","MA/MS","Married","Happy","Female","Male",13362019200,33,38,35,"Married"
"297","sales                                 ","accountant                     ",28000,55000,"Struggling","S East",37167,47,51,"HS Grad","Coll Grad","Dating one person","Happy","Female","Male",13299465600,27,31,37,"Single"
"298","Freelance Writer                      ","Software Engineer              ",37000,120000,"Comfortable","N. East",10002,25,30,"Coll Grad","Doctorate","Married","Very happy","Female","Male",13362364800,22,31,44,"Married"
"299","student                               ","sales                          ",14000,30000,"Struggling","S East",37043,24,24,"Some college","Some college","Long-term committed","Happy","Female","Male",13365993600,17,19,38,"Single"
"300","Customer Service Rep                  ","Unemployed                     ",27596,0,"Struggling","Mid Central",68005,25,27,"HS Grad","No HS","Dating one person","Mixed","Female","Male",13364870400,35,23,33,"Single"
"301","receptionist                          ","videographer                   ",10000,12000,"Struggling","Pac Coast/Islands",96940,37,37,"HS Grad","HS Grad","Married","Happy","Female","Male",13378608000,24,29,39,"Married"
"302","Federal Investigator                  ","Police Officer                 ",77000,42000,"Struggling","Mid Atlantic",22152,30,29,"Coll Grad","Some college","Long-term committed","Very happy","Female","Male",13359427200,34,29,33,"Single"
"303","nurse                                 ","accountant                     ",40000,40000,"Comfortable","Pac Coast/Islands",98321,47,48,"Some college","HS Grad","Married","Unhappy","Female","Male",13369536000,32,30,30,"Married"
"304","Associate Accountant                  ","Architect                      ",38000,42600,"Struggling","S Central",77007,32,29,"Some college","Coll Grad","Married","Very happy","Female","Male",13359772800,20,26,29,"Married"
"305","Event Planner                         ","Barber                         ",19000,30000,"Struggling","Mid Central",64030,29,31,"Some college","HS Grad","Dating one person","Happy","Female","Male",13384915200,31,38,46,"Single"
"306","mom                                   ","volunteer                      ",0,15600,"Struggling","Pac Coast/Islands",98103,35,57,"Coll Grad","Coll Grad","Married","Happy","Female","Male",13342838400,46,32,45,"Married"
"307","Park Ranger                           ","Park Ranger                    ",47000,55000,"Comfortable","Mid West",89060,32,36,"Coll Grad","Coll Grad","Married","Very happy","Female","Male",13387248000,22,39,37,"Married"
"308","homemaker                             ","asst. manager                  ",0,15000,"Struggling","S East",30035,23,24,"Some college","Some college","Married","Happy","Female","Male",13385433600,27,36,43,"Married"
"309","teacher                               ","chemical engineer              ",39000,54000,"Comfortable","Mid Atlantic",20850,22,23,"Some Grad Sch","Some Grad Sch","Married","Very happy","Female","Male",13295145600,28,28,24,"Married"
"310","banker                                ","engineer                       ",41000,75000,"Comfortable","S East",32803,24,31,"Coll Grad","MA/MS","Married","Very happy","Female","Male",13387593600,38,42,33,"Married"
"311","client financial analyst              ","client financial analyst       ",24000,34000,"Comfortable","Pac Coast/Islands",91364,24,23,"Some college","Coll Grad","Dating one person","Mixed","Female","Male",13306809600,40,34,34,"Single"
"312","property management                   ","utilities engineer             ",34000,98000,"Struggling","Pac Coast/Islands",92705,37,45,"Some college","No HS","Dating one person","Happy","Female","Male",13362364800,38,47,32,"Single"
"313","Administrative Coordinator            ","Network Engineer               ",50000,60000,"Struggling","N. East",19702,38,42,"Some college","Some college","Married","Unhappy","Female","Male",13378003200,29,24,23,"Married"
"314","Attorney                              ","Musician                       ",45000,28000,"Comfortable","Great Lakes",43210,32,37,"Doctorate","Coll Grad","Married","Very happy","Female","Male",13373942400,26,26,20,"Married"
"315","Insurance manager                     ","Sales and Marketing            ",26000,35000,"Struggling","Great Lakes",46992,28,33,"HS Grad","HS Grad","Married","Happy","Female","Male",13357872000,50,44,22,"Married"
"316","Secretary/student                     ","self-employed                  ",20000,80000,"Struggling","N. East",11218,22,43,"Coll Grad","HS Grad","Dating one person","Mixed","Female","Male",13320806400,39,38,34,"Single"
"317","Photographer                          ","Surfer                         ",10000,25000,"Struggling","N Central",55127,23,25,"Some college","HS Grad","Long-term committed","Very happy","Female","Male",13373251200,25,44,22,"Single"
"318","Secretary                             ","Student                        ",37000,22000,"Struggling","S East",36606,33,26,"Some college","Some college","Married","Very happy","Female","Male",13364265600,28,31,27,"Married"
"319","Exercise Physiologist                 ","IT                             ",40000,50000,"Comfortable","Pac Coast/Islands",93013,29,38,"MA/MS","MA/MS","Married","Happy","Female","Male",13359427200,17,22,20,"Married"
"320","Writer                                ","Marine                         ",35000,35000,"Struggling","New England",7030,29,23,"MA/MS","HS Grad","Dating one person","Very happy","Female","Male",13330483200,26,20,27,"Single"
"321","IT                                    ","Mechanic                       ",75000,40000,"Comfortable","Mid West",85251,53,48,"Some Grad Sch","Some college","Married","Very happy","Female","Male",13367808000,22,20,37,"Married"
"322","retail                                ","retail                         ",20000,30000,"Comfortable","Mid Atlantic",21703,25,28,"Some college","Some college","Married","Very happy","Female","Male",13365475200,31,32,42,"Married"
"323","personal assistant                    ","unemployed                     ",13000,0,"Struggling","Mid Central",61032,23,25,"Some college","HS Grad","Married","Unhappy","Female","Male",13384742400,24,16,25,"Married"
"324","surgical technologist                 ","associate                      ",5000,60000,"Comfortable","Great Lakes",47904,30,34,"Coll Grad","Some college","Married","Happy","Female","Male",13382236800,21,28,27,"Married"
"325","entertainer                           ","manager                        ",80000,70000,"Comfortable","S Central",76082,21,38,"HS Grad","HS Grad","Long-term committed","Mixed","Female","Male",13364956800,24,32,42,"Single"
"326","Admin Asst.                           ","Asst. Manager                  ",23000,35000,"Comfortable","S Central",75028,24,24,"Some college","Some college","Long-term committed","Very happy","Female","Male",13359513600,37,47,35,"Single"
"327","Administrativie assistant             ","Sanitional worker              ",23000,22000,"Struggling","S East",31525,21,22,"Some college","No HS","Dating one person","Mixed","Female","Male",13378262400,37,32,25,"Single"
"328","teacher                               ","teacher                        ",45000,55000,"Comfortable","N Central",55068,33,33,"Some Grad Sch","MA/MS","Married","Happy","Female","Male",13328236800,37,35,35,"Married"
"329","Student/Mother                        ","Marine                         ",0,35000,"Comfortable","Pac Coast/Islands",96377,26,25,"Some college","Some college","Married","Mixed","Female","Male",13368758400,26,24,25,"Married"
"330","lawyer`                               ","lawyer                         ",65000,1e+05,"Struggling","N. East",11747,40,40,"Doctorate","Doctorate","Married","Happy","Female","Male",13376620800,46,40,40,"Married"
"331","Instructor                            ","Manager                        ",15000,93000,"Comfortable","S East",35229,43,43,"Doctorate","MA/MS","Married","Happy","Female","Male",13346726400,27,36,28,"Married"
"332","realtor                               ","self employed                  ",30000,50000,"Struggling","New England",1568,43,41,"Some Grad Sch","No HS","Married","Mixed","Female","Male",13309833600,32,31,40,"Married"
"333","aministrative assistant               ","security repair                ",27000,35000,"Struggling","S East",34653,30,31,"Coll Grad","Some college","Long-term committed","Happy","Female","Male",13370227200,27,24,30,"Single"
"334","Military                              ","Military                       ",15000,16000,"Struggling","Pac Coast/Islands",93944,23,22,"Coll Grad","HS Grad","Long-term committed","Happy","Female","Male",13363228800,48,41,42,"Single"
"335","student                               ","driver                         ",5000,20000,"Struggling","N. East",17572,30,36,"Coll Grad","HS Grad","Married","Happy","Female","Male",13376275200,22,38,24,"Married"
"336","sales                                 ","sales                          ",30000,48000,"Comfortable","S Central",72933,40,47,"HS Grad","Some college","Dating one person","Happy","Female","Male",13364092800,25,31,31,"Single"
"337","advertiser                            ","lawyer                         ",1e+05,1e+05,"Comfortable","S East",33156,22,23,"Coll Grad","Some Grad Sch","Dating one person","Happy","Female","Male",13350355200,38,30,44,"Single"
"338","Personal banker                       ","Laborer                        ",40000,52000,"Struggling","Mid Central",60629,24,25,"Some college","HS Grad","Long-term committed","Mixed","Female","Male",13363142400,31,34,34,"Single"
"339","Waitress/Student                      ","Lab Tech/Student               ",15000,14000,"Comfortable","Great Lakes",46356,21,23,"Some college","Some Grad Sch","Long-term committed","Very happy","Female","Male",13364179200,24,34,38,"Single"
"340","student                               ","student                        ",0,0,"Comfortable","Pac Coast/Islands",90064,21,22,"Some college","Some college","Dating one person","Happy","Female","Male",13353811200,32,25,27,"Single"
"341","Owner                                 ","Sales Rep                      ",60000,60000,"Comfortable","S Central",78704,45,50,"MA/MS","Some college","Dating one person","Mixed","Female","Male",13387334400,27,21,37,"Single"
"342","Financial Advisor                     ","Plumber                        ",70000,40000,"Comfortable","S East",35173,43,42,"MA/MS","HS Grad","Married","Very happy","Female","Male",13324694400,44,28,53,"Married"
"343","technician                            ","doctor                         ",12000,140000,"Struggling","S East",33323,27,58,"Some college","Doctorate","Long-term committed","Mixed","Female","Male",13384396800,23,24,34,"Single"
"344","student                               ","maintenance mechanic           ",0,1e+05,"Comfortable","S Central",76645,44,46,"Some college","Some college","Married","Very unhappy","Female","Male",13382150400,24,35,32,"Married"
"345","business development                  ","supply chian management        ",150000,180000,"Comfortable","Mid Atlantic",25446,50,49,"Some college","Coll Grad","Married","Very unhappy","Female","Male",13358563200,39,27,43,"Married"
"346","Teacher                               ","Sales Representative           ",28000,28000,"Comfortable","S East",37620,27,29,"Some Grad Sch","Coll Grad","Long-term committed","Very happy","Female","Male",13380422400,27,28,29,"Single"
"347","executive                             ","driver                         ",40000,60000,"Comfortable","S East",38668,37,38,"Coll Grad","Some college","Long-term committed","Very happy","Female","Male",13336444800,21,20,40,"Single"
"348","manager                               ","computer information           ",15000,50000,"Struggling","New England",7111,24,33,"Some college","Coll Grad","Dating one person","Mixed","Female","Male",13370659200,24,40,34,"Single"
"349","CASE MANAGER                          ","ASSITANT SUPERVISOR            ",33000,50000,"Struggling","S East",38024,38,43,"Some college","HS Grad","Married","Mixed","Female","Male",13345084800,47,29,45,"Married"
"350","cashier                               ","stocking                       ",12000,12000,"Comfortable","New England",6519,23,24,"Some college","Some college","Married","Very happy","Female","Male",13379299200,22,27,21,"Married"
"351","homemeker                             ","press operator                 ",23000,40000,"Comfortable","Mid West",85051,43,59,"HS Grad","HS Grad","Married","Very happy","Female","Male",13324089600,42,48,16,"Married"
"352","librarian                             ","real estate broker             ",25000,2e+05,"Comfortable","N. East",12516,38,39,"MA/MS","MA/MS","Married","Happy","Female","Male",13365388800,41,39,40,"Married"
"353","bartender                             ","dj                             ",10000,15000,"Struggling","Pac Coast/Islands",92886,22,27,"Coll Grad","HS Grad","Long-term committed","Very happy","Female","Male",13299033600,25,33,27,"Single"
"354","Certified Nurses Assistant            ","Paint maker                    ",17000,30000,"Comfortable","Mid Central",61032,24,34,"Some college","No HS","Long-term committed","Very happy","Female","Male",13384742400,26,36,27,"Single"
"355","administrative assistant              ","Scientist                      ",42000,72000,"Struggling","Pac Coast/Islands",95128,33,32,"Some college","Doctorate","Long-term committed","Mixed","Female","Male",13351564800,23,36,37,"Single"
"356","LPN                                   ","Photographer                   ",30000,20000,"Struggling","N Central",51357,23,22,"Coll Grad","Coll Grad","Long-term committed","Happy","Female","Male",13311907200,28,36,22,"Single"
"357","social worker                         ","engineer                       ",32000,50000,"Struggling","N Central",59752,45,44,"MA/MS","Some college","Long-term committed","Mixed","Female","Male",13387334400,26,38,28,"Single"
"358","Teacher                               ","Furniture Salesman             ",36000,36000,"Struggling","S East",38501,22,26,"Some Grad Sch","Coll Grad","Long-term committed","Very happy","Female","Male",13377484800,34,37,23,"Single"
"359","Director                              ","RN                             ",80000,56000,"Comfortable","S East",33598,32,34,"Some college","Coll Grad","Married","Happy","Female","Male",13363574400,39,28,39,"Married"
"360","asst mdse plnr                        ","IT                             ",31500,67000,"Struggling","S Central",75074,26,37,"Some college","Coll Grad","Dating one person","Unhappy","Female","Male",13359168000,34,36,53,"Single"
"361","Student                               ","Student                        ",10000,10000,"Struggling","N Central",53226,23,23,"Coll Grad","Coll Grad","Dating several people","Mixed","Female","Male",13379299200,48,44,53,"Single"
"362","Office Manager                        ","Plumber                        ",27000,47000,"Comfortable","S Central",78229,35,36,"HS Grad","Some college","Married","Happy","Female","Male",13295145600,23,30,34,"Married"
"363","Student                               ","technology                     ",10000,32000,"Struggling","S East",30144,21,26,"Some college","Coll Grad","Long-term committed","Happy","Female","Male",13338777600,29,39,35,"Single"
"364","teacher                               ","probation officer              ",40000,53000,"Struggling","New England",7063,28,28,"Some Grad Sch","MA/MS","Married","Mixed","Female","Male",13312252800,32,38,30,"Married"
"365","mom/engineer                          ","engineer                       ",0,83000,"Comfortable","Pac Coast/Islands",97007,33,38,"Coll Grad","Coll Grad","Married","Happy","Female","Male",13343702400,33,25,45,"Married"
"366","waitstaff                             ","carpenter                      ",23000,45000,"Struggling","N. East",18104,23,31,"HS Grad","HS Grad","Dating one person","Very happy","Female","Male",13364179200,23,30,33,"Single"
"367","graduate student                      ","driver                         ",16000,24000,"Struggling","Pac Coast/Islands",98103,39,32,"MA/MS","Coll Grad","Dating one person","Very happy","Female","Male",13342320000,27,39,29,"Single"
"368","Interior Designer                     ","builder                        ",50000,150000,"Comfortable","S East",34240,35,33,"Coll Grad","Some college","Married","Happy","Female","Male",13298515200,51,51,42,"Married"
"369","photo lab tech                        ","sevice writer                  ",20000,42000,"Comfortable","Great Lakes",46342,32,35,"HS Grad","No HS","Married","Happy","Female","Male",13361587200,28,34,36,"Married"
"370","Student                               ","Student                        ",20000,20000,"Struggling","S East",30078,21,21,"Some college","Some college","Dating several people","Mixed","Female","Male",13350268800,27,28,26,"Single"
"371","office assistant                      ","sales                          ",26000,24000,"Comfortable","S Central",75417,23,24,"Some college","Some college","Married","Very happy","Female","Male",13379385600,37,34,30,"Married"
"372","Marketing                             ","Finance                        ",30000,34000,"Comfortable","S Central",77042,27,25,"MA/MS","Coll Grad","Long-term committed","Happy","Female","Male",13347417600,26,22,38,"Single"
"373","Financial Services                    ","Construction                   ",35000,25000,"Struggling","N Central",59101,27,26,"Coll Grad","HS Grad","Long-term committed","Very happy","Female","Male",13385347200,32,16,41,"Single"
"374","Professional Speaker                  ","Facilities Director            ",30000,37000,"Struggling","S East",33704,40,54,"Coll Grad","HS Grad","Married","Very happy","Female","Male",13371782400,38,37,47,"Married"
"375","teacher                               ","consultant                     ",50000,50000,"Comfortable","Mid West",84098,48,50,"MA/MS","MA/MS","Married","Very happy","Female","Male",13386643200,24,21,48,"Married"
"376","homemaker                             ","manager                        ",4500,51000,"Struggling","Mid Atlantic",28150,34,38,"HS Grad","HS Grad","Long-term committed","Very happy","Female","Male",13295750400,35,34,36,"Single"
"377","minister                              ","engineer                       ",26000,1e+05,"Struggling","New England",4401,50,52,"MA/MS","Doctorate","Married","Very unhappy","Female","Male",13378780800,39,45,34,"Married"
"378","Accountant                            ","Service Manager                ",45000,84000,"Struggling","Pac Coast/Islands",98387,37,37,"Coll Grad","Some college","Married","Mixed","Female","Male",13324694400,21,29,31,"Married"
"379","midwife                               ","mortician                      ",0,38000,"Struggling","Mid Atlantic",23464,34,32,"Coll Grad","Coll Grad","Married","Happy","Female","Male",13317696000,42,43,37,"Married"
"380","Secretary                             ","Army                           ",50000,84000,"Comfortable","S East",34104,50,41,"Some college","HS Grad","Dating one person","Very happy","Female","Male",13387161600,16,25,34,"Single"
"381","nurse                                 ","massage therapist              ",30000,80000,"Struggling","Mid West",88310,39,38,"Coll Grad","Some college","Dating one person","Happy","Female","Male",13359686400,35,49,44,"Single"
"382","Teacher                               ","Sales                          ",45000,65000,"Comfortable","S East",36526,27,32,"Some Grad Sch","Some Grad Sch","Married","Happy","Female","Male",13384656000,31,31,30,"Married"
"383","Account manager                       ","Delivery Driver                ",25000,27000,"Comfortable","S East",35243,21,28,"HS Grad","Some college","Long-term committed","Very happy","Female","Male",13364697600,31,34,48,"Single"
"384","nurse                                 ","electrician                    ",45000,25000,"Comfortable","Mid Atlantic",28351,27,29,"Coll Grad","No HS","Married","Unhappy","Female","Male",13382064000,31,24,22,"Married"
"385","government                            ","government                     ",68000,72000,"Comfortable","Mid Atlantic",22309,29,35,"Coll Grad","Some college","Long-term committed","Happy","Female","Male",13358131200,16,22,35,"Single"
"386","social worker                         ","retired supervisor             ",30000,80000,"Struggling","S Central",71211,47,65,"Some Grad Sch","HS Grad","Dating one person","Happy","Female","Male",13310611200,35,32,38,"Single"
"387","Medical Assistant                     ","Radiographer                   ",25000,50000,"Struggling","Mid Atlantic",21901,27,27,"Some college","HS Grad","Married","Mixed","Female","Male",13325472000,29,29,38,"Married"
"388","Workforce Dev. Manager                ","army reserve                   ",36000,20000,"Struggling","N Central",55060,25,31,"Coll Grad","HS Grad","Married","Unhappy","Female","Male",13347936000,32,25,44,"Married"
"389","Student/Assistant Teacher             ","Student/Sales Consultant       ",5000,29000,"Comfortable","S East",31216,21,26,"Some college","Some college","Long-term committed","Very happy","Female","Male",13350355200,38,30,32,"Single"
"390","unemployed                            ","material handling              ",6792,19200,"Struggling","Mid Central",60002,25,35,"Some college","No HS","Married","Mixed","Female","Male",13306118400,19,42,30,"Married"
"391","healthcare                            ","mechanic                       ",35000,35000,"Comfortable","Mid Atlantic",28213,25,28,"Coll Grad","Coll Grad","Long-term committed","Very happy","Female","Male",13338691200,21,26,37,"Single"
"392","bartender                             ","market research analysts       ",60000,60000,"Comfortable","N. East",10017,25,26,"MA/MS","Coll Grad","Long-term committed","Very unhappy","Female","Male",13355798400,49,35,31,"Single"
"393","Receptionist                          ","Mechanic                       ",20000,60000,"Struggling","Mid Atlantic",28613,47,53,"Some college","HS Grad","Married","Very unhappy","Female","Male",13382409600,23,22,32,"Married"
"394","lawyer                                ","designer                       ",120000,45000,"Struggling","Pac Coast/Islands",90292,27,32,"Doctorate","Some college","Married","Happy","Female","Male",13361673600,39,18,35,"Married"
"395","Teacher                               ","Husband                        ",30000,20000,"Struggling","S Central",71269,47,58,"Coll Grad","HS Grad","Married","Happy","Female","Male",13310611200,31,34,24,"Married"
"396","waitress                              ","chemical technician            ",30000,30000,"Struggling","Pac Coast/Islands",92081,24,24,"No HS","HS Grad","Married","Mixed","Female","Male",13357612800,32,30,47,"Married"
"397","research analyst                      ","sales                          ",40000,44000,"Comfortable","Mid Central",66223,22,24,"Coll Grad","Coll Grad","Long-term committed","Very happy","Female","Male",13387593600,35,27,32,"Single"
"398","student                               ","student                        ",0,0,"Comfortable","S East",30033,21,22,"Some college","Some college","Dating one person","Happy","Female","Male",13350268800,20,32,44,"Single"
"399","Instructor                            ","Forman                         ",17000,34000,"Comfortable","N. East",16506,24,30,"Coll Grad","No HS","Long-term committed","Mixed","Female","Male",13367635200,30,22,31,"Single"
"400","marketing                             ","engineering                    ",50000,80000,"Comfortable","Great Lakes",48236,37,35,"Coll Grad","Coll Grad","Long-term committed","Very happy","Female","Male",13380076800,18,30,39,"Single"
